Product Name,URL,Image URL,Category,Original Price,Current Price,Discount,Rating,Description
Windows 11 Pro Retail Key,https://pcgameskey.com/product/windows-11-pro-retail/,https://pcgameskey.com/wp-content/uploads/2024/05/windows11pro-ezgif.com-png-to-webp-converter-1-1.webp,SOFTWARE,Us$ 59.00,Us$ 3.49,94%,5,Buy Windows 11 Pro Retail Key for the best price at Pcgameskey. Order now and we will send you the Windows 11 Pro Retail product key directly via e-mail. This is a one-time license and the activation key is only valid for installation on 1 PC.
Windows 11 Pro Oem Key,https://pcgameskey.com/product/windows-11-pro-oem/,https://pcgameskey.com/wp-content/uploads/2024/04/windows11pro-ezgif.com-png-to-webp-converter-1-1.webp,SOFTWARE,Us$ 19.00,Us$ 3.49,82%,5,Buy Windows 11 Pro Oem Key for the best price at Pcgameskey. Order now and we will send you the Windows 11 Pro Oem product key directly via e-mail. This is a one-time license and the activation key is only valid for installation on 1 PC.
Office 365 Pro Plus 5 Devices 100 GB,https://pcgameskey.com/product/office-365-professional-plus-lifetime-5-devices/,https://pcgameskey.com/wp-content/uploads/2023/11/admin-ajax-6.webp,SOFTWARE,Us$ 29.00,Us$ 3.79,87%,5,"Lifetime NO MONTHLY FEES
Word, Excel, Powerpoint, OneNote, Outlook, Publisher & Access Included
INSTANT DELIVERY"
Windows 10 Pro Retail Key,https://pcgameskey.com/product/windows-10-pro-retail/,https://pcgameskey.com/wp-content/uploads/2024/05/Screenshot_27-ezgif.com-png-to-webp-converter.webp,SOFTWARE,Us$ 99.00,Us$ 3.29,97%,5,Buy Windows 10 Pro Retail Key for the best price at Pcgameskey. Order now and we will send you the product key directly via e-mail. This is a one-time license and the activation key is only valid for installation on 1 PC.
Windows 10 Home Oem Key,https://pcgameskey.com/product/windows-10-home-oem-key/,https://pcgameskey.com/wp-content/uploads/2024/08/Screenshot_11-ezgif.com-resize-1.webp,SOFTWARE,Us$ 19.99,Us$ 3.39,83%,5,Buy Windows 10 Home Oem Key for the best price at Pcgameskey. Order now and we will send you the product key directly via e-mail. This is a one-time license and the activation key is only valid for installation on 1 PC.
Windows 10 Home Retail Key,https://pcgameskey.com/product/windows-10-home/,https://pcgameskey.com/wp-content/uploads/2024/04/Screenshot_11-ezgif.com-resize.webp,SOFTWARE,Us$ 19.00,Us$ 3.39,82%,5,Buy Windows 10 Home Retail Key for the best price at Pcgameskey. Order now and we will send you the product key directly via e-mail. This is a one-time license and the activation key is only valid for installation on 1 PC.
Human Fall Flat Steam Key,https://pcgameskey.com/product/human-fall-flat-steam-key-global/,https://pcgameskey.com/wp-content/uploads/2022/09/ezgif.com-gif-maker-1-5.webp,SOFTWARE,Us$ 20.00,Us$ 1.69,92%,5,"Human Fall Flat offers a hilarious and light-hearted platforming experience set in whimsical floating dreamscapes. Whether you choose to embark on the adventure solo or join up to 8 players online, the fun never stops. Plus, with free new levels regularly added, the vibrant community is always rewarded with fresh content to explore and enjoy.
.elementor-60527 .elementor-element.elementor-element-30786ad7{border-style:solid;border-width:1px 0px 0px 0px;border-color:#E0E0E033;transition:background 0.3s, border 0.3s, border-radius 0.3s, box-shadow 0.3s;}.elementor-60527 .elementor-element.elementor-element-30786ad7 > .elementor-background-overlay{transition:background 0.3s, border-radius 0.3s, opacity 0.3s;}.elementor-60527 .elementor-element.elementor-element-2ca7959e > .elementor-container > .elementor-column > .elementor-widget-wrap{align-content:center;align-items:center;}.elementor-bc-flex-widget .elementor-60527 .elementor-element.elementor-element-784bd80f.elementor-column .elementor-widget-wrap{align-items:center;}.elementor-60527 .elementor-element.elementor-element-784bd80f.elementor-column.elementor-element[data-element_type=""column""] > .elementor-widget-wrap.elementor-element-populated{align-content:center;align-items:center;}.elementor-60527 .elementor-element.elementor-element-784bd80f > .elementor-element-populated{margin:0px 0px 0px 0px;--e-column-margin-right:0px;--e-column-margin-left:0px;padding:0px 0px 0px 0px;}.elementor-60527 .elementor-element.elementor-element-1e7372e7 > .elementor-widget-container{margin:0px 0px 0px -10px;}.elementor-60527 .elementor-element.elementor-element-1e7372e7 .elementor-icon-wrapper{text-align:center;}.elementor-60527 .elementor-element.elementor-element-1e7372e7.elementor-view-stacked .elementor-icon{background-color:#00CF9F;}.elementor-60527 .elementor-element.elementor-element-1e7372e7.elementor-view-framed .elementor-icon, .elementor-60527 .elementor-element.elementor-element-1e7372e7.elementor-view-default .elementor-icon{color:#00CF9F;border-color:#00CF9F;}.elementor-60527 .elementor-element.elementor-element-1e7372e7.elementor-view-framed .elementor-icon, .elementor-60527 .elementor-element.elementor-element-1e7372e7.elementor-view-default .elementor-icon svg{fill:#00CF9F;}.elementor-60527 .elementor-element.elementor-element-1e7372e7 .elementor-icon{font-size:34px;}.elementor-60527 .elementor-element.elementor-element-1e7372e7 .elementor-icon svg{height:34px;}.elementor-60527 .elementor-element.elementor-element-375012f0 > .elementor-widget-wrap > .elementor-widget:not(.elementor-widget__width-auto):not(.elementor-widget__width-initial):not(:last-child):not(.elementor-absolute){margin-bottom:0px;}.elementor-60527 .elementor-element.elementor-element-2d379904 > .elementor-widget-container{margin:0px 0px 7px 0px;}.elementor-60527 .elementor-element.elementor-element-2d379904 .elementor-heading-title{font-size:17px;font-weight:700;line-height:1em;color:#FFFFFF;}.elementor-60527 .elementor-element.elementor-element-7ae1620e .elementor-heading-title{font-size:15px;line-height:1.4em;color:#CCCCCC;}.elementor-60527 .elementor-element.elementor-element-4e071d38 .elementor-heading-title{font-size:12px;line-height:1.4em;color:#FFB400;}.elementor-60527 .elementor-element.elementor-element-643f7b92 > .elementor-container > .elementor-column > .elementor-widget-wrap{align-content:center;align-items:center;}.elementor-bc-flex-widget .elementor-60527 .elementor-element.elementor-element-cc5a3eb.elementor-column .elementor-widget-wrap{align-items:center;}.elementor-60527 .elementor-element.elementor-element-cc5a3eb.elementor-column.elementor-element[data-element_type=""column""] > .elementor-widget-wrap.elementor-element-populated{align-content:center;align-items:center;}.elementor-60527 .elementor-element.elementor-element-cc5a3eb > .elementor-element-populated{padding:0px 0px 0px 0px;}.elementor-60527 .elementor-element.elementor-element-594032c7 > .elementor-widget-container{margin:0px 0px 0px -10px;}.elementor-60527 .elementor-element.elementor-element-2f6b79ad > .elementor-widget-wrap > .elementor-widget:not(.elementor-widget__width-auto):not(.elementor-widget__width-initial):not(:last-child):not(.elementor-absolute){margin-bottom:0px;}.elementor-60527 .elementor-element.elementor-element-26f46a9c > .elementor-widget-container{margin:0px 0px 7px 0px;}.elementor-60527 .elementor-element.elementor-element-26f46a9c .elementor-heading-title{font-size:17px;font-weight:700;line-height:1em;color:#FFFFFF;}.elementor-60527 .elementor-element.elementor-element-60575f7f .elementor-heading-title{font-size:15px;line-height:1.4em;color:#CCCCCC;}.elementor-60527 .elementor-element.elementor-element-70dcf108 .elementor-heading-title{font-size:12px;line-height:1.4em;color:#FFB400;}.elementor-60527 .elementor-element.elementor-element-fb29645 > .elementor-container > .elementor-column > .elementor-widget-wrap{align-content:center;align-items:center;}.elementor-bc-flex-widget .elementor-60527 .elementor-element.elementor-element-4543e9fd.elementor-column .elementor-widget-wrap{align-items:center;}.elementor-60527 .elementor-element.elementor-element-4543e9fd.elementor-column.elementor-element[data-element_type=""column""] > .elementor-widget-wrap.elementor-element-populated{align-content:center;align-items:center;}.elementor-60527 .elementor-element.elementor-element-4543e9fd > .elementor-element-populated{padding:0px 0px 0px 0px;}.elementor-60527 .elementor-element.elementor-element-f04a8e1 > .elementor-widget-container{margin:0px 0px 0px -10px;}.elementor-60527 .elementor-element.elementor-element-5f63185c > .elementor-widget-wrap > .elementor-widget:not(.elementor-widget__width-auto):not(.elementor-widget__width-initial):not(:last-child):not(.elementor-absolute){margin-bottom:0px;}.elementor-60527 .elementor-element.elementor-element-324bc1e3 > .elementor-widget-container{margin:0px 0px 7px 0px;}.elementor-60527 .elementor-element.elementor-element-324bc1e3 .elementor-heading-title{font-size:17px;font-weight:700;line-height:1em;color:#FFFFFF;}.elementor-60527 .elementor-element.elementor-element-24730953 .elementor-heading-title{font-size:15px;line-height:1.4em;color:#CCCCCC;}.elementor-60527 .elementor-element.elementor-element-73c009a .elementor-heading-title{font-size:12px;line-height:1.4em;color:#FFB400;}@media(max-width:767px){.elementor-60527 .elementor-element.elementor-element-7c7b5416{width:100%;}.elementor-60527 .elementor-element.elementor-element-7c7b5416 > .elementor-element-populated{margin:0px 0px 0px 0px;--e-column-margin-right:0px;--e-column-margin-left:0px;}.elementor-60527 .elementor-element.elementor-element-784bd80f{width:15%;}.elementor-60527 .elementor-element.elementor-element-1e7372e7 > .elementor-widget-container{margin:0px 0px 0px 0px;}.elementor-60527 .elementor-element.elementor-element-1e7372e7 .elementor-icon-wrapper{text-align:left;}.elementor-60527 .elementor-element.elementor-element-375012f0{width:85%;}.elementor-60527 .elementor-element.elementor-element-7ae1620e{width:var( --container-widget-width, 303px );max-width:303px;--container-widget-width:303px;--container-widget-flex-grow:0;}.elementor-60527 .elementor-element.elementor-element-5d414549{width:100%;}.elementor-60527 .elementor-element.elementor-element-cc5a3eb{width:15%;}.elementor-60527 .elementor-element.elementor-element-594032c7 > .elementor-widget-container{margin:0px 0px 0px 0px;}.elementor-60527 .elementor-element.elementor-element-2f6b79ad{width:85%;}.elementor-60527 .elementor-element.elementor-element-4543e9fd{width:15%;}.elementor-60527 .elementor-element.elementor-element-f04a8e1 > .elementor-widget-container{margin:0px 0px 0px 0px;}.elementor-60527 .elementor-element.elementor-element-5f63185c{width:85%;}.elementor-60527 .elementor-element.elementor-element-5f63185c > .elementor-element-populated{margin:0px 0px 0px 0px;--e-column-margin-right:0px;--e-column-margin-left:0px;}}@media(min-width:768px){.elementor-60527 .elementor-element.elementor-element-784bd80f{width:9.998%;}.elementor-60527 .elementor-element.elementor-element-375012f0{width:90%;}.elementor-60527 .elementor-element.elementor-element-cc5a3eb{width:10%;}.elementor-60527 .elementor-element.elementor-element-2f6b79ad{width:89.998%;}.elementor-60527 .elementor-element.elementor-element-4543e9fd{width:10%;}.elementor-60527 .elementor-element.elementor-element-5f63185c{width:89.998%;}}@media(max-width:1024px) and (min-width:768px){.elementor-60527 .elementor-element.elementor-element-784bd80f{width:15%;}.elementor-60527 .elementor-element.elementor-element-375012f0{width:85%;}.elementor-60527 .elementor-element.elementor-element-cc5a3eb{width:15%;}.elementor-60527 .elementor-element.elementor-element-2f6b79ad{width:85%;}.elementor-60527 .elementor-element.elementor-element-4543e9fd{width:15%;}.elementor-60527 .elementor-element.elementor-element-5f63185c{width:85%;}}		
					
								
						
					
			
						
						
					
			
						
				
							
			
						
		
						
				
					
		
				
			
						
				
					Global				
				
				
				
					Can be activated Globally				
				
				
				
					Exception if any check description				
				
					
		
					
		
					
		
				
			
						
						
					
			
						
				
									
				
					
		
				
			
						
				
					Steam				
				
				
				
					Can be activated on Steam				
				
				
				
					Activation tutorial				
				
					
		
					
		
					
		
				
			
						
						
					
			
						
				
									
				
					
		
				
			
						
				
					Digital Key				
				
				
				
					Digital edition (CD-KEY)				
				
				
				
					Delivered on email"
LEGO Batman 3 Beyond Gotham Steam Key,https://pcgameskey.com/product/lego-batman-3-beyond-gotham-steam-key-global/,https://pcgameskey.com/wp-content/uploads/2022/09/ezgif.com-gif-maker-7-6.webp,SOFTWARE,Us$ 16.00,Us$ 0.95,94%,5,"The Caped Crusader teams up with DC Comics superheroes, embarking on an outer space mission to thwart the evil Brainiac’s plan to destroy Earth.
.elementor-60527 .elementor-element.elementor-element-30786ad7{border-style:solid;border-width:1px 0px 0px 0px;border-color:#E0E0E033;transition:background 0.3s, border 0.3s, border-radius 0.3s, box-shadow 0.3s;}.elementor-60527 .elementor-element.elementor-element-30786ad7 > .elementor-background-overlay{transition:background 0.3s, border-radius 0.3s, opacity 0.3s;}.elementor-60527 .elementor-element.elementor-element-2ca7959e > .elementor-container > .elementor-column > .elementor-widget-wrap{align-content:center;align-items:center;}.elementor-bc-flex-widget .elementor-60527 .elementor-element.elementor-element-784bd80f.elementor-column .elementor-widget-wrap{align-items:center;}.elementor-60527 .elementor-element.elementor-element-784bd80f.elementor-column.elementor-element[data-element_type=""column""] > .elementor-widget-wrap.elementor-element-populated{align-content:center;align-items:center;}.elementor-60527 .elementor-element.elementor-element-784bd80f > .elementor-element-populated{margin:0px 0px 0px 0px;--e-column-margin-right:0px;--e-column-margin-left:0px;padding:0px 0px 0px 0px;}.elementor-60527 .elementor-element.elementor-element-1e7372e7 > .elementor-widget-container{margin:0px 0px 0px -10px;}.elementor-60527 .elementor-element.elementor-element-1e7372e7 .elementor-icon-wrapper{text-align:center;}.elementor-60527 .elementor-element.elementor-element-1e7372e7.elementor-view-stacked .elementor-icon{background-color:#00CF9F;}.elementor-60527 .elementor-element.elementor-element-1e7372e7.elementor-view-framed .elementor-icon, .elementor-60527 .elementor-element.elementor-element-1e7372e7.elementor-view-default .elementor-icon{color:#00CF9F;border-color:#00CF9F;}.elementor-60527 .elementor-element.elementor-element-1e7372e7.elementor-view-framed .elementor-icon, .elementor-60527 .elementor-element.elementor-element-1e7372e7.elementor-view-default .elementor-icon svg{fill:#00CF9F;}.elementor-60527 .elementor-element.elementor-element-1e7372e7 .elementor-icon{font-size:34px;}.elementor-60527 .elementor-element.elementor-element-1e7372e7 .elementor-icon svg{height:34px;}.elementor-60527 .elementor-element.elementor-element-375012f0 > .elementor-widget-wrap > .elementor-widget:not(.elementor-widget__width-auto):not(.elementor-widget__width-initial):not(:last-child):not(.elementor-absolute){margin-bottom:0px;}.elementor-60527 .elementor-element.elementor-element-2d379904 > .elementor-widget-container{margin:0px 0px 7px 0px;}.elementor-60527 .elementor-element.elementor-element-2d379904 .elementor-heading-title{font-size:17px;font-weight:700;line-height:1em;color:#FFFFFF;}.elementor-60527 .elementor-element.elementor-element-7ae1620e .elementor-heading-title{font-size:15px;line-height:1.4em;color:#CCCCCC;}.elementor-60527 .elementor-element.elementor-element-4e071d38 .elementor-heading-title{font-size:12px;line-height:1.4em;color:#FFB400;}.elementor-60527 .elementor-element.elementor-element-643f7b92 > .elementor-container > .elementor-column > .elementor-widget-wrap{align-content:center;align-items:center;}.elementor-bc-flex-widget .elementor-60527 .elementor-element.elementor-element-cc5a3eb.elementor-column .elementor-widget-wrap{align-items:center;}.elementor-60527 .elementor-element.elementor-element-cc5a3eb.elementor-column.elementor-element[data-element_type=""column""] > .elementor-widget-wrap.elementor-element-populated{align-content:center;align-items:center;}.elementor-60527 .elementor-element.elementor-element-cc5a3eb > .elementor-element-populated{padding:0px 0px 0px 0px;}.elementor-60527 .elementor-element.elementor-element-594032c7 > .elementor-widget-container{margin:0px 0px 0px -10px;}.elementor-60527 .elementor-element.elementor-element-2f6b79ad > .elementor-widget-wrap > .elementor-widget:not(.elementor-widget__width-auto):not(.elementor-widget__width-initial):not(:last-child):not(.elementor-absolute){margin-bottom:0px;}.elementor-60527 .elementor-element.elementor-element-26f46a9c > .elementor-widget-container{margin:0px 0px 7px 0px;}.elementor-60527 .elementor-element.elementor-element-26f46a9c .elementor-heading-title{font-size:17px;font-weight:700;line-height:1em;color:#FFFFFF;}.elementor-60527 .elementor-element.elementor-element-60575f7f .elementor-heading-title{font-size:15px;line-height:1.4em;color:#CCCCCC;}.elementor-60527 .elementor-element.elementor-element-70dcf108 .elementor-heading-title{font-size:12px;line-height:1.4em;color:#FFB400;}.elementor-60527 .elementor-element.elementor-element-fb29645 > .elementor-container > .elementor-column > .elementor-widget-wrap{align-content:center;align-items:center;}.elementor-bc-flex-widget .elementor-60527 .elementor-element.elementor-element-4543e9fd.elementor-column .elementor-widget-wrap{align-items:center;}.elementor-60527 .elementor-element.elementor-element-4543e9fd.elementor-column.elementor-element[data-element_type=""column""] > .elementor-widget-wrap.elementor-element-populated{align-content:center;align-items:center;}.elementor-60527 .elementor-element.elementor-element-4543e9fd > .elementor-element-populated{padding:0px 0px 0px 0px;}.elementor-60527 .elementor-element.elementor-element-f04a8e1 > .elementor-widget-container{margin:0px 0px 0px -10px;}.elementor-60527 .elementor-element.elementor-element-5f63185c > .elementor-widget-wrap > .elementor-widget:not(.elementor-widget__width-auto):not(.elementor-widget__width-initial):not(:last-child):not(.elementor-absolute){margin-bottom:0px;}.elementor-60527 .elementor-element.elementor-element-324bc1e3 > .elementor-widget-container{margin:0px 0px 7px 0px;}.elementor-60527 .elementor-element.elementor-element-324bc1e3 .elementor-heading-title{font-size:17px;font-weight:700;line-height:1em;color:#FFFFFF;}.elementor-60527 .elementor-element.elementor-element-24730953 .elementor-heading-title{font-size:15px;line-height:1.4em;color:#CCCCCC;}.elementor-60527 .elementor-element.elementor-element-73c009a .elementor-heading-title{font-size:12px;line-height:1.4em;color:#FFB400;}@media(max-width:767px){.elementor-60527 .elementor-element.elementor-element-7c7b5416{width:100%;}.elementor-60527 .elementor-element.elementor-element-7c7b5416 > .elementor-element-populated{margin:0px 0px 0px 0px;--e-column-margin-right:0px;--e-column-margin-left:0px;}.elementor-60527 .elementor-element.elementor-element-784bd80f{width:15%;}.elementor-60527 .elementor-element.elementor-element-1e7372e7 > .elementor-widget-container{margin:0px 0px 0px 0px;}.elementor-60527 .elementor-element.elementor-element-1e7372e7 .elementor-icon-wrapper{text-align:left;}.elementor-60527 .elementor-element.elementor-element-375012f0{width:85%;}.elementor-60527 .elementor-element.elementor-element-7ae1620e{width:var( --container-widget-width, 303px );max-width:303px;--container-widget-width:303px;--container-widget-flex-grow:0;}.elementor-60527 .elementor-element.elementor-element-5d414549{width:100%;}.elementor-60527 .elementor-element.elementor-element-cc5a3eb{width:15%;}.elementor-60527 .elementor-element.elementor-element-594032c7 > .elementor-widget-container{margin:0px 0px 0px 0px;}.elementor-60527 .elementor-element.elementor-element-2f6b79ad{width:85%;}.elementor-60527 .elementor-element.elementor-element-4543e9fd{width:15%;}.elementor-60527 .elementor-element.elementor-element-f04a8e1 > .elementor-widget-container{margin:0px 0px 0px 0px;}.elementor-60527 .elementor-element.elementor-element-5f63185c{width:85%;}.elementor-60527 .elementor-element.elementor-element-5f63185c > .elementor-element-populated{margin:0px 0px 0px 0px;--e-column-margin-right:0px;--e-column-margin-left:0px;}}@media(min-width:768px){.elementor-60527 .elementor-element.elementor-element-784bd80f{width:9.998%;}.elementor-60527 .elementor-element.elementor-element-375012f0{width:90%;}.elementor-60527 .elementor-element.elementor-element-cc5a3eb{width:10%;}.elementor-60527 .elementor-element.elementor-element-2f6b79ad{width:89.998%;}.elementor-60527 .elementor-element.elementor-element-4543e9fd{width:10%;}.elementor-60527 .elementor-element.elementor-element-5f63185c{width:89.998%;}}@media(max-width:1024px) and (min-width:768px){.elementor-60527 .elementor-element.elementor-element-784bd80f{width:15%;}.elementor-60527 .elementor-element.elementor-element-375012f0{width:85%;}.elementor-60527 .elementor-element.elementor-element-cc5a3eb{width:15%;}.elementor-60527 .elementor-element.elementor-element-2f6b79ad{width:85%;}.elementor-60527 .elementor-element.elementor-element-4543e9fd{width:15%;}.elementor-60527 .elementor-element.elementor-element-5f63185c{width:85%;}}		
					
								
						
					
			
						
						
					
			
						
				
							
			
						
		
						
				
					
		
				
			
						
				
					Global				
				
				
				
					Can be activated Globally				
				
				
				
					Exception if any check description				
				
					
		
					
		
					
		
				
			
						
						
					
			
						
				
									
				
					
		
				
			
						
				
					Steam				
				
				
				
					Can be activated on Steam				
				
				
				
					Activation tutorial				
				
					
		
					
		
					
		
				
			
						
						
					
			
						
				
									
				
					
		
				
			
						
				
					Digital Key				
				
				
				
					Digital edition (CD-KEY)				
				
				
				
					Delivered on email"
Windows 11 Home Retail Key,https://pcgameskey.com/product/windows-11-home/,https://pcgameskey.com/wp-content/uploads/2024/05/Screenshot_28-ezgif.com-png-to-webp-converter.webp,SOFTWARE,Us$ 99.00,Us$ 3.49,96%,5,Buy Windows 11 Home Retail Key for the best price at Pcgameskey. Order now and we will send you the Windows 11 Home Retail product key directly via e-mail. This is a one-time license and the activation key is only valid for installation on 1 PC.
Office 2024 Professional Plus Phone Activation Key,https://pcgameskey.com/product/office-2024-professional-plus-phone-key/,https://pcgameskey.com/wp-content/uploads/2025/03/Office-2024-Professional-plus-2-ezgif.com-censor.webp,SOFTWARE,Us$ 99.99,Us$ 9.99,90%,5,Buy Office 2024 Professional Plus Key for the best price at Pcgameskey. Order now and we will send you the product key directly via e-mail.
Windows Server 2019 Standard Key,https://pcgameskey.com/product/windows-server-2019-standard-key/,https://pcgameskey.com/wp-content/uploads/2024/04/Screenshot_33-ezgif.com-png-to-webp-converter.webp,SOFTWARE,Us$ 199.00,Us$ 4.29,98%,5,Buy Windows Server 2019 Standard Key for the best price at Pcgameskey. Order now and we will send you the product key directly via e-mail. This is a one-time license and the activation key is only valid for installation on 1 PC.
Windows 7 Ultimate Key,https://pcgameskey.com/product/windows-7-ultimate-key/,https://pcgameskey.com/wp-content/uploads/2024/08/Screenshot_31-ezgif.com-png-to-webp-converter-1.webp,SOFTWARE,Us$ 29.99,Us$ 3.49,88%,5,Buy Windows 7 Ultimate Key for the best price at Pcgameskey. Order now and we will send you the Windows 7 Ultimate product key via e-mail. The activation key is only valid for installation on 1 PC.
Windows 11 Pro Retail Key,https://pcgameskey.com/product/windows-11-pro-retail/,https://pcgameskey.com/wp-content/uploads/2024/05/windows11pro-ezgif.com-png-to-webp-converter-1-1.webp,SOFTWARE,Us$ 59.00,Us$ 3.49,94%,5,Buy Windows 11 Pro Retail Key for the best price at Pcgameskey. Order now and we will send you the Windows 11 Pro Retail product key directly via e-mail. This is a one-time license and the activation key is only valid for installation on 1 PC.
Windows 11 Pro Oem Key,https://pcgameskey.com/product/windows-11-pro-oem/,https://pcgameskey.com/wp-content/uploads/2024/04/windows11pro-ezgif.com-png-to-webp-converter-1-1.webp,SOFTWARE,Us$ 19.00,Us$ 3.49,82%,5,Buy Windows 11 Pro Oem Key for the best price at Pcgameskey. Order now and we will send you the Windows 11 Pro Oem product key directly via e-mail. This is a one-time license and the activation key is only valid for installation on 1 PC.
Office 365 Pro Plus 5 Devices 100 GB,https://pcgameskey.com/product/office-365-professional-plus-lifetime-5-devices/,https://pcgameskey.com/wp-content/uploads/2023/11/admin-ajax-6.webp,SOFTWARE,Us$ 29.00,Us$ 3.79,87%,5,"Lifetime NO MONTHLY FEES
Word, Excel, Powerpoint, OneNote, Outlook, Publisher & Access Included
INSTANT DELIVERY"
Windows 10 Pro Retail Key,https://pcgameskey.com/product/windows-10-pro-retail/,https://pcgameskey.com/wp-content/uploads/2024/05/Screenshot_27-ezgif.com-png-to-webp-converter.webp,SOFTWARE,Us$ 99.00,Us$ 3.29,97%,5,Buy Windows 10 Pro Retail Key for the best price at Pcgameskey. Order now and we will send you the product key directly via e-mail. This is a one-time license and the activation key is only valid for installation on 1 PC.
Windows 10 Home Oem Key,https://pcgameskey.com/product/windows-10-home-oem-key/,https://pcgameskey.com/wp-content/uploads/2024/08/Screenshot_11-ezgif.com-resize-1.webp,SOFTWARE,Us$ 19.99,Us$ 3.39,83%,5,Buy Windows 10 Home Oem Key for the best price at Pcgameskey. Order now and we will send you the product key directly via e-mail. This is a one-time license and the activation key is only valid for installation on 1 PC.
Windows 10 Home Retail Key,https://pcgameskey.com/product/windows-10-home/,https://pcgameskey.com/wp-content/uploads/2024/04/Screenshot_11-ezgif.com-resize.webp,SOFTWARE,Us$ 19.00,Us$ 3.39,82%,5,Buy Windows 10 Home Retail Key for the best price at Pcgameskey. Order now and we will send you the product key directly via e-mail. This is a one-time license and the activation key is only valid for installation on 1 PC.
Human Fall Flat Steam Key,https://pcgameskey.com/product/human-fall-flat-steam-key-global/,https://pcgameskey.com/wp-content/uploads/2022/09/ezgif.com-gif-maker-1-5.webp,SOFTWARE,Us$ 20.00,Us$ 1.69,92%,5,"Human Fall Flat offers a hilarious and light-hearted platforming experience set in whimsical floating dreamscapes. Whether you choose to embark on the adventure solo or join up to 8 players online, the fun never stops. Plus, with free new levels regularly added, the vibrant community is always rewarded with fresh content to explore and enjoy.
.elementor-60527 .elementor-element.elementor-element-30786ad7{border-style:solid;border-width:1px 0px 0px 0px;border-color:#E0E0E033;transition:background 0.3s, border 0.3s, border-radius 0.3s, box-shadow 0.3s;}.elementor-60527 .elementor-element.elementor-element-30786ad7 > .elementor-background-overlay{transition:background 0.3s, border-radius 0.3s, opacity 0.3s;}.elementor-60527 .elementor-element.elementor-element-2ca7959e > .elementor-container > .elementor-column > .elementor-widget-wrap{align-content:center;align-items:center;}.elementor-bc-flex-widget .elementor-60527 .elementor-element.elementor-element-784bd80f.elementor-column .elementor-widget-wrap{align-items:center;}.elementor-60527 .elementor-element.elementor-element-784bd80f.elementor-column.elementor-element[data-element_type=""column""] > .elementor-widget-wrap.elementor-element-populated{align-content:center;align-items:center;}.elementor-60527 .elementor-element.elementor-element-784bd80f > .elementor-element-populated{margin:0px 0px 0px 0px;--e-column-margin-right:0px;--e-column-margin-left:0px;padding:0px 0px 0px 0px;}.elementor-60527 .elementor-element.elementor-element-1e7372e7 > .elementor-widget-container{margin:0px 0px 0px -10px;}.elementor-60527 .elementor-element.elementor-element-1e7372e7 .elementor-icon-wrapper{text-align:center;}.elementor-60527 .elementor-element.elementor-element-1e7372e7.elementor-view-stacked .elementor-icon{background-color:#00CF9F;}.elementor-60527 .elementor-element.elementor-element-1e7372e7.elementor-view-framed .elementor-icon, .elementor-60527 .elementor-element.elementor-element-1e7372e7.elementor-view-default .elementor-icon{color:#00CF9F;border-color:#00CF9F;}.elementor-60527 .elementor-element.elementor-element-1e7372e7.elementor-view-framed .elementor-icon, .elementor-60527 .elementor-element.elementor-element-1e7372e7.elementor-view-default .elementor-icon svg{fill:#00CF9F;}.elementor-60527 .elementor-element.elementor-element-1e7372e7 .elementor-icon{font-size:34px;}.elementor-60527 .elementor-element.elementor-element-1e7372e7 .elementor-icon svg{height:34px;}.elementor-60527 .elementor-element.elementor-element-375012f0 > .elementor-widget-wrap > .elementor-widget:not(.elementor-widget__width-auto):not(.elementor-widget__width-initial):not(:last-child):not(.elementor-absolute){margin-bottom:0px;}.elementor-60527 .elementor-element.elementor-element-2d379904 > .elementor-widget-container{margin:0px 0px 7px 0px;}.elementor-60527 .elementor-element.elementor-element-2d379904 .elementor-heading-title{font-size:17px;font-weight:700;line-height:1em;color:#FFFFFF;}.elementor-60527 .elementor-element.elementor-element-7ae1620e .elementor-heading-title{font-size:15px;line-height:1.4em;color:#CCCCCC;}.elementor-60527 .elementor-element.elementor-element-4e071d38 .elementor-heading-title{font-size:12px;line-height:1.4em;color:#FFB400;}.elementor-60527 .elementor-element.elementor-element-643f7b92 > .elementor-container > .elementor-column > .elementor-widget-wrap{align-content:center;align-items:center;}.elementor-bc-flex-widget .elementor-60527 .elementor-element.elementor-element-cc5a3eb.elementor-column .elementor-widget-wrap{align-items:center;}.elementor-60527 .elementor-element.elementor-element-cc5a3eb.elementor-column.elementor-element[data-element_type=""column""] > .elementor-widget-wrap.elementor-element-populated{align-content:center;align-items:center;}.elementor-60527 .elementor-element.elementor-element-cc5a3eb > .elementor-element-populated{padding:0px 0px 0px 0px;}.elementor-60527 .elementor-element.elementor-element-594032c7 > .elementor-widget-container{margin:0px 0px 0px -10px;}.elementor-60527 .elementor-element.elementor-element-2f6b79ad > .elementor-widget-wrap > .elementor-widget:not(.elementor-widget__width-auto):not(.elementor-widget__width-initial):not(:last-child):not(.elementor-absolute){margin-bottom:0px;}.elementor-60527 .elementor-element.elementor-element-26f46a9c > .elementor-widget-container{margin:0px 0px 7px 0px;}.elementor-60527 .elementor-element.elementor-element-26f46a9c .elementor-heading-title{font-size:17px;font-weight:700;line-height:1em;color:#FFFFFF;}.elementor-60527 .elementor-element.elementor-element-60575f7f .elementor-heading-title{font-size:15px;line-height:1.4em;color:#CCCCCC;}.elementor-60527 .elementor-element.elementor-element-70dcf108 .elementor-heading-title{font-size:12px;line-height:1.4em;color:#FFB400;}.elementor-60527 .elementor-element.elementor-element-fb29645 > .elementor-container > .elementor-column > .elementor-widget-wrap{align-content:center;align-items:center;}.elementor-bc-flex-widget .elementor-60527 .elementor-element.elementor-element-4543e9fd.elementor-column .elementor-widget-wrap{align-items:center;}.elementor-60527 .elementor-element.elementor-element-4543e9fd.elementor-column.elementor-element[data-element_type=""column""] > .elementor-widget-wrap.elementor-element-populated{align-content:center;align-items:center;}.elementor-60527 .elementor-element.elementor-element-4543e9fd > .elementor-element-populated{padding:0px 0px 0px 0px;}.elementor-60527 .elementor-element.elementor-element-f04a8e1 > .elementor-widget-container{margin:0px 0px 0px -10px;}.elementor-60527 .elementor-element.elementor-element-5f63185c > .elementor-widget-wrap > .elementor-widget:not(.elementor-widget__width-auto):not(.elementor-widget__width-initial):not(:last-child):not(.elementor-absolute){margin-bottom:0px;}.elementor-60527 .elementor-element.elementor-element-324bc1e3 > .elementor-widget-container{margin:0px 0px 7px 0px;}.elementor-60527 .elementor-element.elementor-element-324bc1e3 .elementor-heading-title{font-size:17px;font-weight:700;line-height:1em;color:#FFFFFF;}.elementor-60527 .elementor-element.elementor-element-24730953 .elementor-heading-title{font-size:15px;line-height:1.4em;color:#CCCCCC;}.elementor-60527 .elementor-element.elementor-element-73c009a .elementor-heading-title{font-size:12px;line-height:1.4em;color:#FFB400;}@media(max-width:767px){.elementor-60527 .elementor-element.elementor-element-7c7b5416{width:100%;}.elementor-60527 .elementor-element.elementor-element-7c7b5416 > .elementor-element-populated{margin:0px 0px 0px 0px;--e-column-margin-right:0px;--e-column-margin-left:0px;}.elementor-60527 .elementor-element.elementor-element-784bd80f{width:15%;}.elementor-60527 .elementor-element.elementor-element-1e7372e7 > .elementor-widget-container{margin:0px 0px 0px 0px;}.elementor-60527 .elementor-element.elementor-element-1e7372e7 .elementor-icon-wrapper{text-align:left;}.elementor-60527 .elementor-element.elementor-element-375012f0{width:85%;}.elementor-60527 .elementor-element.elementor-element-7ae1620e{width:var( --container-widget-width, 303px );max-width:303px;--container-widget-width:303px;--container-widget-flex-grow:0;}.elementor-60527 .elementor-element.elementor-element-5d414549{width:100%;}.elementor-60527 .elementor-element.elementor-element-cc5a3eb{width:15%;}.elementor-60527 .elementor-element.elementor-element-594032c7 > .elementor-widget-container{margin:0px 0px 0px 0px;}.elementor-60527 .elementor-element.elementor-element-2f6b79ad{width:85%;}.elementor-60527 .elementor-element.elementor-element-4543e9fd{width:15%;}.elementor-60527 .elementor-element.elementor-element-f04a8e1 > .elementor-widget-container{margin:0px 0px 0px 0px;}.elementor-60527 .elementor-element.elementor-element-5f63185c{width:85%;}.elementor-60527 .elementor-element.elementor-element-5f63185c > .elementor-element-populated{margin:0px 0px 0px 0px;--e-column-margin-right:0px;--e-column-margin-left:0px;}}@media(min-width:768px){.elementor-60527 .elementor-element.elementor-element-784bd80f{width:9.998%;}.elementor-60527 .elementor-element.elementor-element-375012f0{width:90%;}.elementor-60527 .elementor-element.elementor-element-cc5a3eb{width:10%;}.elementor-60527 .elementor-element.elementor-element-2f6b79ad{width:89.998%;}.elementor-60527 .elementor-element.elementor-element-4543e9fd{width:10%;}.elementor-60527 .elementor-element.elementor-element-5f63185c{width:89.998%;}}@media(max-width:1024px) and (min-width:768px){.elementor-60527 .elementor-element.elementor-element-784bd80f{width:15%;}.elementor-60527 .elementor-element.elementor-element-375012f0{width:85%;}.elementor-60527 .elementor-element.elementor-element-cc5a3eb{width:15%;}.elementor-60527 .elementor-element.elementor-element-2f6b79ad{width:85%;}.elementor-60527 .elementor-element.elementor-element-4543e9fd{width:15%;}.elementor-60527 .elementor-element.elementor-element-5f63185c{width:85%;}}		
					
								
						
					
			
						
						
					
			
						
				
							
			
						
		
						
				
					
		
				
			
						
				
					Global				
				
				
				
					Can be activated Globally				
				
				
				
					Exception if any check description				
				
					
		
					
		
					
		
				
			
						
						
					
			
						
				
									
				
					
		
				
			
						
				
					Steam				
				
				
				
					Can be activated on Steam				
				
				
				
					Activation tutorial				
				
					
		
					
		
					
		
				
			
						
						
					
			
						
				
									
				
					
		
				
			
						
				
					Digital Key				
				
				
				
					Digital edition (CD-KEY)				
				
				
				
					Delivered on email"
LEGO Batman 3 Beyond Gotham Steam Key,https://pcgameskey.com/product/lego-batman-3-beyond-gotham-steam-key-global/,https://pcgameskey.com/wp-content/uploads/2022/09/ezgif.com-gif-maker-7-6.webp,SOFTWARE,Us$ 16.00,Us$ 0.95,94%,5,"The Caped Crusader teams up with DC Comics superheroes, embarking on an outer space mission to thwart the evil Brainiac’s plan to destroy Earth.
.elementor-60527 .elementor-element.elementor-element-30786ad7{border-style:solid;border-width:1px 0px 0px 0px;border-color:#E0E0E033;transition:background 0.3s, border 0.3s, border-radius 0.3s, box-shadow 0.3s;}.elementor-60527 .elementor-element.elementor-element-30786ad7 > .elementor-background-overlay{transition:background 0.3s, border-radius 0.3s, opacity 0.3s;}.elementor-60527 .elementor-element.elementor-element-2ca7959e > .elementor-container > .elementor-column > .elementor-widget-wrap{align-content:center;align-items:center;}.elementor-bc-flex-widget .elementor-60527 .elementor-element.elementor-element-784bd80f.elementor-column .elementor-widget-wrap{align-items:center;}.elementor-60527 .elementor-element.elementor-element-784bd80f.elementor-column.elementor-element[data-element_type=""column""] > .elementor-widget-wrap.elementor-element-populated{align-content:center;align-items:center;}.elementor-60527 .elementor-element.elementor-element-784bd80f > .elementor-element-populated{margin:0px 0px 0px 0px;--e-column-margin-right:0px;--e-column-margin-left:0px;padding:0px 0px 0px 0px;}.elementor-60527 .elementor-element.elementor-element-1e7372e7 > .elementor-widget-container{margin:0px 0px 0px -10px;}.elementor-60527 .elementor-element.elementor-element-1e7372e7 .elementor-icon-wrapper{text-align:center;}.elementor-60527 .elementor-element.elementor-element-1e7372e7.elementor-view-stacked .elementor-icon{background-color:#00CF9F;}.elementor-60527 .elementor-element.elementor-element-1e7372e7.elementor-view-framed .elementor-icon, .elementor-60527 .elementor-element.elementor-element-1e7372e7.elementor-view-default .elementor-icon{color:#00CF9F;border-color:#00CF9F;}.elementor-60527 .elementor-element.elementor-element-1e7372e7.elementor-view-framed .elementor-icon, .elementor-60527 .elementor-element.elementor-element-1e7372e7.elementor-view-default .elementor-icon svg{fill:#00CF9F;}.elementor-60527 .elementor-element.elementor-element-1e7372e7 .elementor-icon{font-size:34px;}.elementor-60527 .elementor-element.elementor-element-1e7372e7 .elementor-icon svg{height:34px;}.elementor-60527 .elementor-element.elementor-element-375012f0 > .elementor-widget-wrap > .elementor-widget:not(.elementor-widget__width-auto):not(.elementor-widget__width-initial):not(:last-child):not(.elementor-absolute){margin-bottom:0px;}.elementor-60527 .elementor-element.elementor-element-2d379904 > .elementor-widget-container{margin:0px 0px 7px 0px;}.elementor-60527 .elementor-element.elementor-element-2d379904 .elementor-heading-title{font-size:17px;font-weight:700;line-height:1em;color:#FFFFFF;}.elementor-60527 .elementor-element.elementor-element-7ae1620e .elementor-heading-title{font-size:15px;line-height:1.4em;color:#CCCCCC;}.elementor-60527 .elementor-element.elementor-element-4e071d38 .elementor-heading-title{font-size:12px;line-height:1.4em;color:#FFB400;}.elementor-60527 .elementor-element.elementor-element-643f7b92 > .elementor-container > .elementor-column > .elementor-widget-wrap{align-content:center;align-items:center;}.elementor-bc-flex-widget .elementor-60527 .elementor-element.elementor-element-cc5a3eb.elementor-column .elementor-widget-wrap{align-items:center;}.elementor-60527 .elementor-element.elementor-element-cc5a3eb.elementor-column.elementor-element[data-element_type=""column""] > .elementor-widget-wrap.elementor-element-populated{align-content:center;align-items:center;}.elementor-60527 .elementor-element.elementor-element-cc5a3eb > .elementor-element-populated{padding:0px 0px 0px 0px;}.elementor-60527 .elementor-element.elementor-element-594032c7 > .elementor-widget-container{margin:0px 0px 0px -10px;}.elementor-60527 .elementor-element.elementor-element-2f6b79ad > .elementor-widget-wrap > .elementor-widget:not(.elementor-widget__width-auto):not(.elementor-widget__width-initial):not(:last-child):not(.elementor-absolute){margin-bottom:0px;}.elementor-60527 .elementor-element.elementor-element-26f46a9c > .elementor-widget-container{margin:0px 0px 7px 0px;}.elementor-60527 .elementor-element.elementor-element-26f46a9c .elementor-heading-title{font-size:17px;font-weight:700;line-height:1em;color:#FFFFFF;}.elementor-60527 .elementor-element.elementor-element-60575f7f .elementor-heading-title{font-size:15px;line-height:1.4em;color:#CCCCCC;}.elementor-60527 .elementor-element.elementor-element-70dcf108 .elementor-heading-title{font-size:12px;line-height:1.4em;color:#FFB400;}.elementor-60527 .elementor-element.elementor-element-fb29645 > .elementor-container > .elementor-column > .elementor-widget-wrap{align-content:center;align-items:center;}.elementor-bc-flex-widget .elementor-60527 .elementor-element.elementor-element-4543e9fd.elementor-column .elementor-widget-wrap{align-items:center;}.elementor-60527 .elementor-element.elementor-element-4543e9fd.elementor-column.elementor-element[data-element_type=""column""] > .elementor-widget-wrap.elementor-element-populated{align-content:center;align-items:center;}.elementor-60527 .elementor-element.elementor-element-4543e9fd > .elementor-element-populated{padding:0px 0px 0px 0px;}.elementor-60527 .elementor-element.elementor-element-f04a8e1 > .elementor-widget-container{margin:0px 0px 0px -10px;}.elementor-60527 .elementor-element.elementor-element-5f63185c > .elementor-widget-wrap > .elementor-widget:not(.elementor-widget__width-auto):not(.elementor-widget__width-initial):not(:last-child):not(.elementor-absolute){margin-bottom:0px;}.elementor-60527 .elementor-element.elementor-element-324bc1e3 > .elementor-widget-container{margin:0px 0px 7px 0px;}.elementor-60527 .elementor-element.elementor-element-324bc1e3 .elementor-heading-title{font-size:17px;font-weight:700;line-height:1em;color:#FFFFFF;}.elementor-60527 .elementor-element.elementor-element-24730953 .elementor-heading-title{font-size:15px;line-height:1.4em;color:#CCCCCC;}.elementor-60527 .elementor-element.elementor-element-73c009a .elementor-heading-title{font-size:12px;line-height:1.4em;color:#FFB400;}@media(max-width:767px){.elementor-60527 .elementor-element.elementor-element-7c7b5416{width:100%;}.elementor-60527 .elementor-element.elementor-element-7c7b5416 > .elementor-element-populated{margin:0px 0px 0px 0px;--e-column-margin-right:0px;--e-column-margin-left:0px;}.elementor-60527 .elementor-element.elementor-element-784bd80f{width:15%;}.elementor-60527 .elementor-element.elementor-element-1e7372e7 > .elementor-widget-container{margin:0px 0px 0px 0px;}.elementor-60527 .elementor-element.elementor-element-1e7372e7 .elementor-icon-wrapper{text-align:left;}.elementor-60527 .elementor-element.elementor-element-375012f0{width:85%;}.elementor-60527 .elementor-element.elementor-element-7ae1620e{width:var( --container-widget-width, 303px );max-width:303px;--container-widget-width:303px;--container-widget-flex-grow:0;}.elementor-60527 .elementor-element.elementor-element-5d414549{width:100%;}.elementor-60527 .elementor-element.elementor-element-cc5a3eb{width:15%;}.elementor-60527 .elementor-element.elementor-element-594032c7 > .elementor-widget-container{margin:0px 0px 0px 0px;}.elementor-60527 .elementor-element.elementor-element-2f6b79ad{width:85%;}.elementor-60527 .elementor-element.elementor-element-4543e9fd{width:15%;}.elementor-60527 .elementor-element.elementor-element-f04a8e1 > .elementor-widget-container{margin:0px 0px 0px 0px;}.elementor-60527 .elementor-element.elementor-element-5f63185c{width:85%;}.elementor-60527 .elementor-element.elementor-element-5f63185c > .elementor-element-populated{margin:0px 0px 0px 0px;--e-column-margin-right:0px;--e-column-margin-left:0px;}}@media(min-width:768px){.elementor-60527 .elementor-element.elementor-element-784bd80f{width:9.998%;}.elementor-60527 .elementor-element.elementor-element-375012f0{width:90%;}.elementor-60527 .elementor-element.elementor-element-cc5a3eb{width:10%;}.elementor-60527 .elementor-element.elementor-element-2f6b79ad{width:89.998%;}.elementor-60527 .elementor-element.elementor-element-4543e9fd{width:10%;}.elementor-60527 .elementor-element.elementor-element-5f63185c{width:89.998%;}}@media(max-width:1024px) and (min-width:768px){.elementor-60527 .elementor-element.elementor-element-784bd80f{width:15%;}.elementor-60527 .elementor-element.elementor-element-375012f0{width:85%;}.elementor-60527 .elementor-element.elementor-element-cc5a3eb{width:15%;}.elementor-60527 .elementor-element.elementor-element-2f6b79ad{width:85%;}.elementor-60527 .elementor-element.elementor-element-4543e9fd{width:15%;}.elementor-60527 .elementor-element.elementor-element-5f63185c{width:85%;}}		
					
								
						
					
			
						
						
					
			
						
				
							
			
						
		
						
				
					
		
				
			
						
				
					Global				
				
				
				
					Can be activated Globally				
				
				
				
					Exception if any check description				
				
					
		
					
		
					
		
				
			
						
						
					
			
						
				
									
				
					
		
				
			
						
				
					Steam				
				
				
				
					Can be activated on Steam				
				
				
				
					Activation tutorial				
				
					
		
					
		
					
		
				
			
						
						
					
			
						
				
									
				
					
		
				
			
						
				
					Digital Key				
				
				
				
					Digital edition (CD-KEY)				
				
				
				
					Delivered on email"
Windows 11 Home Retail Key,https://pcgameskey.com/product/windows-11-home/,https://pcgameskey.com/wp-content/uploads/2024/05/Screenshot_28-ezgif.com-png-to-webp-converter.webp,SOFTWARE,Us$ 99.00,Us$ 3.49,96%,5,Buy Windows 11 Home Retail Key for the best price at Pcgameskey. Order now and we will send you the Windows 11 Home Retail product key directly via e-mail. This is a one-time license and the activation key is only valid for installation on 1 PC.
Office 2024 Professional Plus Phone Activation Key,https://pcgameskey.com/product/office-2024-professional-plus-phone-key/,https://pcgameskey.com/wp-content/uploads/2025/03/Office-2024-Professional-plus-2-ezgif.com-censor.webp,SOFTWARE,Us$ 99.99,Us$ 9.99,90%,5,Buy Office 2024 Professional Plus Key for the best price at Pcgameskey. Order now and we will send you the product key directly via e-mail.
Windows Server 2019 Standard Key,https://pcgameskey.com/product/windows-server-2019-standard-key/,https://pcgameskey.com/wp-content/uploads/2024/04/Screenshot_33-ezgif.com-png-to-webp-converter.webp,SOFTWARE,Us$ 199.00,Us$ 4.29,98%,5,Buy Windows Server 2019 Standard Key for the best price at Pcgameskey. Order now and we will send you the product key directly via e-mail. This is a one-time license and the activation key is only valid for installation on 1 PC.
Windows 7 Ultimate Key,https://pcgameskey.com/product/windows-7-ultimate-key/,https://pcgameskey.com/wp-content/uploads/2024/08/Screenshot_31-ezgif.com-png-to-webp-converter-1.webp,SOFTWARE,Us$ 29.99,Us$ 3.49,88%,5,Buy Windows 7 Ultimate Key for the best price at Pcgameskey. Order now and we will send you the Windows 7 Ultimate product key via e-mail. The activation key is only valid for installation on 1 PC.
